{"cameraMode":{"drawMode":0,"name":"Shaded","section":"Shading Mode"},"sceneLighting":true,"audioPlay":false,"sceneViewState":{"m_AlwaysRefresh":false,"showFog":true,"showSkybox":true,"showFlares":true,"showImageEffects":true,"showParticleSystems":true,"showVisualEffectGraphs":true,"m_FxEnabled":true},"in2DMode":false,"pivot":{"x":1.2556531429290772,"y":11.17618465423584,"z":131.35667419433595},"rotation":{"x":-0.00119005236774683,"y":-0.000003321189524285728,"z":-0.000007162203019106528,"w":1.0000118017196656},"size":65.62415313720703,"orthographic":false}