{"cameraMode":{"drawMode":0,"name":"Shaded","section":"Shading Mode"},"sceneLighting":true,"audioPlay":false,"sceneViewState":{"m_AlwaysRefresh":false,"showFog":true,"showSkybox":true,"showFlares":true,"showImageEffects":true,"showParticleSystems":true,"showVisualEffectGraphs":true,"m_FxEnabled":true},"in2DMode":false,"pivot":{"x":-145.63417053222657,"y":-375.7169189453125,"z":789.8677368164063},"rotation":{"x":-0.08409664034843445,"y":-0.051695674657821658,"z":0.00436851941049099,"w":-0.9951075911521912},"size":788.1239013671875,"orthographic":false}