{"cameraMode":{"drawMode":0,"name":"Shaded","section":"Shading Mode"},"sceneLighting":true,"audioPlay":false,"sceneViewState":{"m_AlwaysRefresh":false,"showFog":true,"showSkybox":true,"showFlares":true,"showImageEffects":true,"showParticleSystems":true,"showVisualEffectGraphs":true,"m_FxEnabled":true},"in2DMode":false,"pivot":{"x":987.8847045898438,"y":448.8006286621094,"z":67.12030029296875},"rotation":{"x":-0.019805826246738435,"y":0.015592999756336213,"z":-0.00031382893212139606,"w":-0.999686598777771},"size":1085.1790771484375,"orthographic":false}