{"cameraMode":{"drawMode":0,"name":"Shaded","section":"Shading Mode"},"sceneLighting":true,"audioPlay":false,"sceneViewState":{"m_AlwaysRefresh":false,"showFog":true,"showSkybox":true,"showFlares":true,"showImageEffects":true,"showParticleSystems":true,"showVisualEffectGraphs":true,"m_FxEnabled":true},"in2DMode":false,"pivot":{"x":-7.682409763336182,"y":-0.6304469108581543,"z":34.627349853515628},"rotation":{"x":-0.11819196492433548,"y":0.07499300688505173,"z":-0.008952138014137745,"w":-0.9901155829429627},"size":12.161065101623536,"orthographic":false}