{"cameraMode":{"drawMode":0,"name":"Shaded","section":"Shading Mode"},"sceneLighting":true,"audioPlay":false,"sceneViewState":{"m_AlwaysRefresh":false,"showFog":true,"showSkybox":true,"showFlares":true,"showImageEffects":true,"showParticleSystems":true,"showVisualEffectGraphs":true,"m_FxEnabled":true},"in2DMode":false,"pivot":{"x":102.70122528076172,"y":13.199968338012696,"z":199.0660400390625},"rotation":{"x":0.005690473131835461,"y":0.0020967188756912948,"z":0.000007037472641968634,"w":-0.9999857544898987},"size":73.0726547241211,"orthographic":false}