{"cameraMode":{"drawMode":0,"name":"Shaded","section":"Shading Mode"},"sceneLighting":true,"audioPlay":false,"sceneViewState":{"m_AlwaysRefresh":false,"showFog":true,"showSkybox":true,"showFlares":true,"showImageEffects":true,"showParticleSystems":true,"showVisualEffectGraphs":true,"m_FxEnabled":true},"in2DMode":false,"pivot":{"x":54.242408752441409,"y":12.031982421875,"z":199.54971313476563},"rotation":{"x":-0.016787588596343995,"y":-0.050374310463666919,"z":0.0008467713487334549,"w":-0.9985896944999695},"size":118.6781005859375,"orthographic":true}